<?xml version="1.0" encoding="UTF-8"?>
<configuration debug="false">
  <!--定义日志文件的存储地址 勿在 LogBack 的配置中使用相对路径-->
  <property name="LOG_HOME" value="/log" />
  <!-- 控制台输出 -->
  <appender name="STDOUT" class="ch.qos.logback.core.ConsoleAppender">
    <encoder class="ch.qos.logback.classic.encoder.PatternLayoutEncoder">
      <!--格式化输出：%d表示日期，%thread表示线程名，%-5level：级别从左显示5个字符宽度%msg：日志消息，%n是换行符-->
      <pattern>%d{yyyy-MM-dd HH:mm:ss.SSS} [%X{requestId}] [%thread] %-5level %logger{50} - %msg  %n</pattern>
    </encoder>
  </appender>
  <!-- 按照每天生成日志文件 -->
  <appender name="FILE"  class="ch.qos.logback.core.rolling.RollingFileAppender">
    <file>${LOG_HOME}/debug.log</file>
    <rollingPolicy class="ch.qos.logback.core.rolling.SizeAndTimeBasedRollingPolicy">
      <!--日志文件输出的文件名-->
      <FileNamePattern>${LOG_HOME}/%d{yyyy-MM-dd}/runtime.log.%d{yyyy-MM-dd}.%i.log</FileNamePattern>
      <!--日志文件保留天数-->
      <MaxHistory>30</MaxHistory>
      <maxFileSize>10MB</maxFileSize>
      <totalSizeCap>5GB</totalSizeCap>
    </rollingPolicy>
    <encoder class="ch.qos.logback.classic.encoder.PatternLayoutEncoder">
      <!--格式化输出：%d表示日期，%thread表示线程名，%-5level：级别从左显示5个字符宽度%msg：日志消息，%n是换行符-->
      <pattern>%d{yyyy-MM-dd HH:mm:ss.SSS} %X{requestId} [%thread] %-5level %logger{50} - %msg%n</pattern>
    </encoder>
  </appender>

  <!-- 日志输出级别 -->
  <root level="INFO">
    <appender-ref ref="STDOUT" />
    <appender-ref ref="FILE" />
  </root>
</configuration>