<?xml version="1.0" encoding="UTF-8"?>
<!DOCTYPE mapper PUBLIC "-//mybatis.org//DTD Mapper 3.0//EN" "http://mybatis.org/dtd/mybatis-3-mapper.dtd">
<mapper namespace="com.justbon.bpm.support.server.mapper.DigitalProductMapper">
  <resultMap id="BaseResultMap" type="com.justbon.bpm.support.server.entity.DigitalProduct">
    <id column="id" jdbcType="VARCHAR" property="id" />
    <result column="name" jdbcType="VARCHAR" property="name" />
    <result column="code" jdbcType="VARCHAR" property="code" />
    <result column="version" jdbcType="VARCHAR" property="version" />
    <result column="folio" jdbcType="VARCHAR" property="folio" />
    <result column="status" jdbcType="INTEGER" property="status" />
    <result column="is_deleted" jdbcType="INTEGER" property="isDeleted" />
    <result column="create_user_id" jdbcType="INTEGER" property="createUserId" />
    <result column="create_time" jdbcType="TIMESTAMP" property="createTime" />
    <result column="update_user_id" jdbcType="INTEGER" property="updateUserId" />
    <result column="update_time" jdbcType="TIMESTAMP" property="updateTime" />
  </resultMap>
</mapper>