<assembly xmlns:xsi="http://www.w3.org/2001/XMLSchema-instance"
  xmlns="http://maven.apache.org/plugins/maven-assembly-plugin/assembly/1.1.2"
  xsi:schemaLocation="http://maven.apache.org/plugins/maven-assembly-plugin/assembly/1.1.2 http://maven.apache.org/xsd/assembly-1.1.2.xsd">
  <id>release</id>
  <formats>
    <format>zip</format>
  </formats>
  <baseDirectory>${project.name}</baseDirectory>

  <fileSets>
    <fileSet>
      <directory>${project.basedir}/src/main/resources/</directory>
      <outputDirectory>config/</outputDirectory>
      <includes>
        <include>logback.xml</include>
      </includes>
    </fileSet>
    <fileSet>
      <directory>${project.basedir}/config/</directory>
      <outputDirectory>config/</outputDirectory>
    </fileSet>
    <fileSet>
      <directory>${project.basedir}/bin/</directory>
      <outputDirectory>bin/</outputDirectory>
      <fileMode>755</fileMode>
    </fileSet>
    <fileSet>
      <directory>${project.basedir}/logs/</directory>
      <outputDirectory>logs/</outputDirectory>
    </fileSet>
  </fileSets>

  <dependencySets>
    <dependencySet>
      <outputDirectory>libs</outputDirectory>
      <scope>runtime</scope>
      <includes>
        <include>${groupId}:${artifactId}</include>
      </includes>
      <outputFileNameMapping>${project.name}.${artifact.extension}</outputFileNameMapping>
    </dependencySet>
  </dependencySets>
</assembly>

