<?xml version="1.0" encoding="UTF-8"?>
<configuration>
  <include resource="org/springframework/boot/logging/logback/base.xml" />
  <!-- 日志最大的历史 30天 -->
  <property name="maxHistory" value="10"/>
  <!-- 日志文件大小 5MB -->
  <property name="maxFileSize" value="2MB"/>
  <springProperty scope="context" name="appName" source="server.Name" defaultValue="localhost.log"/>
  <appender name="console" class="ch.qos.logback.core.ConsoleAppender">
    <encoder>
      <pattern>%date{yyyy-MM-dd HH:mm:ss.SSS} [%thread] %-5level %logger{36} - %msg%n</pattern>
    </encoder>
  </appender>

  <appender name="FILE-INFO" class="ch.qos.logback.classic.sift.SiftingAppender">
    <discriminator>
      <key>logFileName</key>
      <defaultValue>logback</defaultValue>
    </discriminator>
    <sift>
      <appender name="FILE"
        class="ch.qos.logback.core.rolling.RollingFileAppender">
        <file>logs-sso/${logFileName}-info.log</file>
        <rollingPolicy class="ch.qos.logback.core.rolling.SizeAndTimeBasedRollingPolicy">
          <!-- rollover daily -->
          <fileNamePattern>logs-sso/info.%d{yyyy-MM-dd}.%i.log</fileNamePattern>
          <!-- each file should be at most 100MB, keep 60 days worth of history, but at most 20GB -->
          <maxFileSize>${maxFileSize}</maxFileSize>
          <maxHistory>${maxHistory}</maxHistory>
          <totalSizeCap>1GB</totalSizeCap>
        </rollingPolicy>

        <filter class="ch.qos.logback.classic.filter.LevelFilter">
          <level>ERROR</level>
          <onMatch>DENY</onMatch>  <!-- 如果命中就禁止这条日志 -->
          <onMismatch>ACCEPT</onMismatch>  <!-- 如果没有命中就使用这条规则 -->
        </filter>

        <encoder class="ch.qos.logback.classic.encoder.PatternLayoutEncoder">
          <Pattern>
            %date{HH:mm:ss.SSS} [%thread] %-5level %logger{36} - %msg%n
          </Pattern>
        </encoder>
      </appender>
    </sift>
  </appender>



  <appender name="FILE-ERROR" class="ch.qos.logback.classic.sift.SiftingAppender">
    <discriminator>
      <key>logFileName</key>
      <defaultValue>logback</defaultValue>
    </discriminator>
    <sift>
      <appender name="FILE"
        class="ch.qos.logback.core.rolling.RollingFileAppender">
        <file>logs-sso/${logFileName}-error.log</file>
        <rollingPolicy class="ch.qos.logback.core.rolling.SizeAndTimeBasedRollingPolicy">
          <!-- rollover daily -->
          <fileNamePattern>logs-sso/error.%d{yyyy-MM-dd}.%i.log</fileNamePattern>
          <!-- each file should be at most 100MB, keep 60 days worth of history, but at most 20GB -->
          <maxFileSize>${maxFileSize}</maxFileSize>
          <maxHistory>${maxHistory}</maxHistory>
          <totalSizeCap>1GB</totalSizeCap>
        </rollingPolicy>

        <filter class="ch.qos.logback.classic.filter.ThresholdFilter">
          <level>ERROR</level>
        </filter>

        <encoder class="ch.qos.logback.classic.encoder.PatternLayoutEncoder">
          <Pattern>
            %date{HH:mm:ss.SSS} [%thread] %-5level %logger{36} - %msg%n
          </Pattern>
        </encoder>
      </appender>
    </sift>
  </appender>


  <logger name="com.csde" level="DEBUG" additivity="false">
    <appender-ref ref="console" />
    <appender-ref ref="FILE-INFO" />
    <appender-ref ref="FILE-ERROR" />
  </logger>
  <root level="INFO">
    <appender-ref ref="FILE-INFO" />
    <appender-ref ref="FILE-ERROR" />
  </root>

</configuration>